generation,best_fitness,mean_fitness,best_ticks,mean_ticks,best_fruits,mean_fruits,deaths_wall,deaths_self,deaths_stall,deaths_timeout
1,200.00,-25.80,200,136.70,0,0.00,65,0,0,135
2,200.00,137.45,200,182.45,0,0.00,18,0,0,182
3,200.00,144.45,200,184.45,0,0.00,16,0,0,184
4,200.00,161.78,200,189.28,0,0.00,11,0,0,189
5,200.00,137.50,200,182.50,0,0.00,18,0,0,182
6,200.00,147.93,200,185.43,0,0.00,15,0,0,185
7,200.00,165.28,200,190.28,0,0.00,10,0,0,190
8,200.00,158.35,200,188.35,0,0.00,12,0,0,188
9,200.00,175.68,200,193.18,0,0.00,7,0,0,193
10,200.00,172.21,200,192.21,0,0.00,8,0,0,192
11,200.00,179.15,200,194.15,0,0.00,6,0,0,194
12,200.00,179.15,200,194.15,0,0.00,6,0,0,194
13,200.00,196.53,200,199.03,0,0.00,1,0,0,199
14,200.00,179.15,200,194.15,0,0.00,6,0,0,194
15,200.00,182.62,200,195.12,0,0.00,5,0,0,195
16,200.00,147.92,200,185.42,0,0.00,15,0,0,185
17,200.00,158.32,200,188.32,0,0.00,12,0,0,188
18,200.00,179.18,200,194.18,0,0.00,6,0,0,194
19,200.00,189.57,200,197.07,0,0.00,3,0,0,197
20,200.00,189.57,200,197.07,0,0.00,3,0,0,197
21,200.00,179.19,200,194.19,0,0.00,6,0,0,194
22,200.00,186.10,200,196.10,0,0.00,4,0,0,196
23,200.00,182.62,200,195.12,0,0.00,5,0,0,195
24,200.00,179.16,200,194.16,0,0.00,6,0,0,194
25,200.00,179.15,200,194.15,0,0.00,6,0,0,194
26,200.00,182.65,200,195.15,0,0.00,5,0,0,195
27,200.00,186.10,200,196.10,0,0.00,4,0,0,196
28,200.00,186.10,200,196.10,0,0.00,4,0,0,196
29,200.00,179.18,200,194.18,0,0.00,6,0,0,194
30,200.00,189.57,200,197.07,0,0.00,3,0,0,197
31,200.00,179.15,200,194.15,0,0.00,6,0,0,194
32,200.00,182.65,200,195.15,0,0.00,5,0,0,195
33,200.00,179.15,200,194.15,0,0.00,6,0,0,194
34,200.00,172.20,200,192.20,0,0.00,8,0,0,192
35,200.00,189.57,200,197.07,0,0.00,3,0,0,197
36,200.00,189.57,200,197.07,0,0.00,3,0,0,197
37,200.00,193.05,200,198.05,0,0.00,2,0,0,198
38,200.00,172.22,200,192.22,0,0.00,8,0,0,192
39,200.00,175.68,200,193.18,0,0.00,7,0,0,193
40,200.00,179.16,200,194.16,0,0.00,6,0,0,194
41,200.00,172.22,200,192.22,0,0.00,8,0,0,192
42,200.00,175.68,200,193.18,0,0.00,7,0,0,193
43,200.00,161.82,200,189.32,0,0.00,11,0,0,189
44,200.00,182.66,200,195.16,0,0.00,5,0,0,195
45,200.00,165.28,200,190.28,0,0.00,10,0,0,190
46,200.00,175.72,200,193.22,0,0.00,7,0,0,193
47,200.00,186.15,200,196.15,0,0.00,4,0,0,196
48,200.00,189.57,200,197.07,0,0.00,3,0,0,197
49,200.00,172.23,200,192.23,0,0.00,8,0,0,192
50,200.00,158.33,200,188.33,0,0.00,12,0,0,188
51,200.00,186.15,200,196.15,0,0.00,4,0,0,196
52,200.00,168.75,200,191.25,0,0.00,9,0,0,191
53,200.00,182.62,200,195.12,0,0.00,5,0,0,195
54,200.00,161.78,200,189.28,0,0.00,11,0,0,189
55,200.00,179.18,200,194.18,0,0.00,6,0,0,194
56,200.00,130.57,200,180.57,0,0.00,20,0,0,180
57,200.00,193.05,200,198.05,0,0.00,2,0,0,198
58,200.00,196.53,200,199.03,0,0.00,1,0,0,199
59,200.00,193.07,200,198.07,0,0.00,2,0,0,198
60,200.00,189.57,200,197.07,0,0.00,3,0,0,197
61,200.00,182.68,200,195.18,0,0.00,5,0,0,195
62,200.00,186.15,200,196.15,0,0.00,4,0,0,196
63,200.00,186.12,200,196.12,0,0.00,4,0,0,196
64,200.00,182.62,200,195.12,0,0.00,5,0,0,195
65,200.00,189.57,200,197.07,0,0.00,3,0,0,197
66,200.00,186.13,200,196.13,0,0.00,4,0,0,196
67,200.00,175.68,200,193.18,0,0.00,7,0,0,193
68,200.00,175.72,200,193.22,0,0.00,7,0,0,193
69,200.00,193.07,200,198.07,0,0.00,2,0,0,198
70,200.00,189.58,200,197.08,0,0.00,3,0,0,197
71,200.00,189.57,200,197.07,0,0.00,3,0,0,197
72,200.00,189.60,200,197.10,0,0.00,3,0,0,197
73,200.00,193.07,200,198.07,0,0.00,2,0,0,198
74,200.00,189.57,200,197.07,0,0.00,3,0,0,197
75,200.00,189.57,200,197.07,0,0.00,3,0,0,197
76,200.00,179.20,200,194.20,0,0.00,6,0,0,194
77,200.00,186.15,200,196.15,0,0.00,4,0,0,196
78,200.00,186.10,200,196.10,0,0.00,4,0,0,196
79,200.00,168.72,200,191.22,0,0.00,9,0,0,191
80,200.00,189.60,200,197.10,0,0.00,3,0,0,197
81,200.00,182.65,200,195.15,0,0.00,5,0,0,195
82,200.00,179.15,200,194.15,0,0.00,6,0,0,194
83,200.00,196.53,200,199.03,0,0.00,1,0,0,199
84,200.00,158.35,200,188.35,0,0.00,12,0,0,188
85,200.00,179.18,200,194.18,0,0.00,6,0,0,194
86,200.00,158.31,200,188.31,0,0.00,12,0,0,188
87,200.00,172.22,200,192.22,0,0.00,8,0,0,192
88,200.00,182.62,200,195.12,0,0.00,5,0,0,195
89,200.00,186.13,200,196.13,0,0.00,4,0,0,196
90,200.00,179.18,200,194.18,0,0.00,6,0,0,194
91,200.00,168.72,200,191.22,0,0.00,9,0,0,191
92,200.00,179.15,200,194.15,0,0.00,6,0,0,194
93,200.00,168.72,200,191.22,0,0.00,9,0,0,191
94,200.00,140.95,200,183.45,0,0.00,17,0,0,183
95,200.00,186.12,200,196.12,0,0.00,4,0,0,196
96,200.00,175.68,200,193.18,0,0.00,7,0,0,193
97,200.00,186.15,200,196.15,0,0.00,4,0,0,196
98,200.00,193.05,200,198.05,0,0.00,2,0,0,198
99,200.00,186.12,200,196.12,0,0.00,4,0,0,196
100,200.00,196.53,200,199.03,0,0.00,1,0,0,199
101,200.00,193.05,200,198.05,0,0.00,2,0,0,198
102,200.00,196.53,200,199.03,0,0.00,1,0,0,199
103,200.00,186.13,200,196.13,0,0.00,4,0,0,196
104,200.00,179.20,200,194.20,0,0.00,6,0,0,194
105,200.00,196.53,200,199.03,0,0.00,1,0,0,199
106,200.00,182.69,200,195.19,0,0.00,5,0,0,195
107,200.00,179.16,200,194.16,0,0.00,6,0,0,194
108,200.00,193.05,200,198.05,0,0.00,2,0,0,198
109,200.00,179.18,200,194.18,0,0.00,6,0,0,194
110,200.00,172.28,200,192.28,0,0.00,8,0,0,192
111,200.00,179.18,200,194.18,0,0.00,6,0,0,194
112,200.00,182.68,200,195.18,0,0.00,5,0,0,195
113,200.00,182.62,200,195.12,0,0.00,5,0,0,195
114,200.00,186.12,200,196.12,0,0.00,4,0,0,196
115,200.00,186.10,200,196.10,0,0.00,4,0,0,196
116,200.00,172.22,200,192.22,0,0.00,8,0,0,192
117,200.00,175.70,200,193.20,0,0.00,7,0,0,193
118,200.00,161.84,200,189.34,0,0.00,11,0,0,189
119,200.00,182.70,200,195.20,0,0.00,5,0,0,195
120,200.00,172.28,200,192.28,0,0.00,8,0,0,192
121,200.00,172.27,200,192.27,0,0.00,8,0,0,192
122,200.00,161.79,200,189.29,0,0.00,11,0,0,189
123,200.00,179.20,200,194.20,0,0.00,6,0,0,194
124,200.00,165.27,200,190.27,0,0.00,10,0,0,190
125,200.00,165.32,200,190.32,0,0.00,10,0,0,190
126,200.00,161.78,200,189.28,0,0.00,11,0,0,189
127,200.00,144.43,200,184.43,0,0.00,16,0,0,184
128,200.00,172.20,200,192.20,0,0.00,8,0,0,192
129,200.00,158.34,200,188.34,0,0.00,12,0,0,188
130,200.00,158.34,200,188.34,0,0.00,12,0,0,188
131,200.00,154.84,200,187.34,0,0.00,13,0,0,187
132,200.00,168.78,200,191.28,0,0.00,9,0,0,191
133,200.00,172.20,200,192.20,0,0.00,8,0,0,192
134,200.00,165.27,200,190.27,0,0.00,10,0,0,190
135,200.00,182.65,200,195.15,0,0.00,5,0,0,195
136,200.00,165.32,200,190.32,0,0.00,10,0,0,190
137,200.00,179.16,200,194.16,0,0.00,6,0,0,194
138,200.00,175.71,200,193.21,0,0.00,7,0,0,193
139,200.00,193.07,200,198.07,0,0.00,2,0,0,198
140,200.00,175.70,200,193.20,0,0.00,7,0,0,193
141,200.00,175.72,200,193.22,0,0.00,7,0,0,193
142,200.00,161.80,200,189.30,0,0.00,11,0,0,189
143,200.00,165.25,200,190.25,0,0.00,10,0,0,190
144,200.00,186.12,200,196.12,0,0.00,4,0,0,196
145,200.00,161.81,200,189.31,0,0.00,11,0,0,189
146,200.00,175.70,200,193.20,0,0.00,7,0,0,193
147,200.00,172.20,200,192.20,0,0.00,8,0,0,192
148,200.00,182.63,200,195.13,0,0.00,5,0,0,195
149,200.00,168.80,200,191.30,0,0.00,9,0,0,191
150,200.00,189.57,200,197.07,0,0.00,3,0,0,197
151,200.00,189.58,200,197.08,0,0.00,3,0,0,197
152,200.00,193.05,200,198.05,0,0.00,2,0,0,198
153,200.00,193.05,200,198.05,0,0.00,2,0,0,198
154,200.00,200.00,200,200.00,0,0.00,0,0,0,200
155,200.00,196.55,200,199.05,0,0.00,1,0,0,199
156,200.00,186.10,200,196.10,0,0.00,4,0,0,196
157,200.00,189.60,200,197.10,0,0.00,3,0,0,197
158,200.00,186.10,200,196.10,0,0.00,4,0,0,196
159,200.00,175.70,200,193.20,0,0.00,7,0,0,193
160,200.00,196.53,200,199.03,0,0.00,1,0,0,199
161,200.00,189.62,200,197.12,0,0.00,3,0,0,197
162,200.00,179.16,200,194.16,0,0.00,6,0,0,194
163,200.00,175.69,200,193.19,0,0.00,7,0,0,193
164,200.00,189.59,200,197.09,0,0.00,3,0,0,197
165,200.00,189.62,200,197.12,0,0.00,3,0,0,197
166,200.00,175.74,200,193.24,0,0.00,7,0,0,193
167,200.00,193.07,200,198.07,0,0.00,2,0,0,198
168,200.00,179.18,200,194.18,0,0.00,6,0,0,194
169,200.00,179.18,200,194.18,0,0.00,6,0,0,194
170,200.00,189.60,200,197.10,0,0.00,3,0,0,197
171,200.00,193.07,200,198.07,0,0.00,2,0,0,198
172,200.00,182.67,200,195.17,0,0.00,5,0,0,195
173,200.00,179.17,200,194.17,0,0.00,6,0,0,194
174,200.00,161.81,200,189.31,0,0.00,11,0,0,189
175,200.00,165.28,200,190.28,0,0.00,10,0,0,190
176,200.00,182.62,200,195.12,0,0.00,5,0,0,195
177,200.00,189.57,200,197.07,0,0.00,3,0,0,197
178,200.00,168.75,200,191.25,0,0.00,9,0,0,191
179,200.00,186.12,200,196.12,0,0.00,4,0,0,196
180,200.00,172.29,200,192.29,0,0.00,8,0,0,192
181,200.00,189.57,200,197.07,0,0.00,3,0,0,197
182,200.00,193.05,200,198.05,0,0.00,2,0,0,198
183,200.00,168.75,200,191.25,0,0.00,9,0,0,191
184,200.00,186.10,200,196.10,0,0.00,4,0,0,196
185,200.00,175.68,200,193.18,0,0.00,7,0,0,193
186,200.00,182.63,200,195.13,0,0.00,5,0,0,195
187,200.00,193.05,200,198.05,0,0.00,2,0,0,198
188,200.00,189.57,200,197.07,0,0.00,3,0,0,197
189,200.00,189.57,200,197.07,0,0.00,3,0,0,197
190,200.00,161.78,200,189.28,0,0.00,11,0,0,189
191,200.00,189.57,200,197.07,0,0.00,3,0,0,197
192,200.00,179.15,200,194.15,0,0.00,6,0,0,194
193,200.00,189.58,200,197.08,0,0.00,3,0,0,197
194,200.00,193.07,200,198.07,0,0.00,2,0,0,198
195,200.00,186.13,200,196.13,0,0.00,4,0,0,196
196,200.00,189.57,200,197.07,0,0.00,3,0,0,197
197,200.00,175.71,200,193.21,0,0.00,7,0,0,193
198,200.00,179.15,200,194.15,0,0.00,6,0,0,194
199,200.00,182.65,200,195.15,0,0.00,5,0,0,195
200,200.00,189.58,200,197.08,0,0.00,3,0,0,197
201,200.00,175.72,200,193.22,0,0.00,7,0,0,193
202,200.00,179.17,200,194.17,0,0.00,6,0,0,194
203,200.00,161.80,200,189.30,0,0.00,11,0,0,189
204,200.00,158.35,200,188.35,0,0.00,12,0,0,188
205,200.00,172.25,200,192.25,0,0.00,8,0,0,192
206,200.00,182.63,200,195.13,0,0.00,5,0,0,195
207,200.00,182.62,200,195.12,0,0.00,5,0,0,195
208,200.00,182.65,200,195.15,0,0.00,5,0,0,195
209,200.00,193.07,200,198.07,0,0.00,2,0,0,198
210,200.00,186.10,200,196.10,0,0.00,4,0,0,196
211,200.00,179.15,200,194.15,0,0.00,6,0,0,194
212,200.00,165.25,200,190.25,0,0.00,10,0,0,190
213,200.00,172.22,200,192.22,0,0.00,8,0,0,192
214,200.00,179.15,200,194.15,0,0.00,6,0,0,194
215,200.00,186.12,200,196.12,0,0.00,4,0,0,196
216,200.00,172.20,200,192.20,0,0.00,8,0,0,192
217,200.00,186.10,200,196.10,0,0.00,4,0,0,196
218,200.00,175.72,200,193.22,0,0.00,7,0,0,193
219,200.00,200.00,200,200.00,0,0.00,0,0,0,200
220,200.00,200.00,200,200.00,0,0.00,0,0,0,200
221,200.00,196.55,200,199.05,0,0.00,1,0,0,199
222,200.00,189.57,200,197.07,0,0.00,3,0,0,197
223,200.00,186.12,200,196.12,0,0.00,4,0,0,196
224,200.00,182.65,200,195.15,0,0.00,5,0,0,195
225,200.00,200.00,200,200.00,0,0.00,0,0,0,200
226,200.00,175.71,200,193.21,0,0.00,7,0,0,193
227,200.00,189.58,200,197.08,0,0.00,3,0,0,197
228,200.00,193.07,200,198.07,0,0.00,2,0,0,198
229,200.00,179.15,200,194.15,0,0.00,6,0,0,194
230,200.00,179.17,200,194.17,0,0.00,6,0,0,194
231,200.00,182.62,200,195.12,0,0.00,5,0,0,195
232,200.00,189.57,200,197.07,0,0.00,3,0,0,197
233,200.00,186.10,200,196.10,0,0.00,4,0,0,196
234,200.00,179.15,200,194.15,0,0.00,6,0,0,194
235,200.00,193.05,200,198.05,0,0.00,2,0,0,198
236,200.00,186.10,200,196.10,0,0.00,4,0,0,196
237,200.00,179.15,200,194.15,0,0.00,6,0,0,194
238,200.00,196.53,200,199.03,0,0.00,1,0,0,199
239,200.00,151.41,200,186.41,0,0.00,14,0,0,186
240,200.00,172.20,200,192.20,0,0.00,8,0,0,192
241,200.00,179.18,200,194.18,0,0.00,6,0,0,194
242,200.00,189.57,200,197.07,0,0.00,3,0,0,197
243,200.00,182.66,200,195.16,0,0.00,5,0,0,195
244,200.00,168.75,200,191.25,0,0.00,9,0,0,191
245,200.00,182.68,200,195.18,0,0.00,5,0,0,195
246,200.00,186.10,200,196.10,0,0.00,4,0,0,196
247,200.00,186.10,200,196.10,0,0.00,4,0,0,196
248,200.00,161.78,200,189.28,0,0.00,11,0,0,189
249,200.00,182.62,200,195.12,0,0.00,5,0,0,195
250,200.00,165.31,200,190.31,0,0.00,10,0,0,190
251,200.00,158.32,200,188.32,0,0.00,12,0,0,188
252,200.00,165.26,200,190.26,0,0.00,10,0,0,190
253,200.00,168.75,200,191.25,0,0.00,9,0,0,191
254,200.00,189.57,200,197.07,0,0.00,3,0,0,197
255,200.00,172.22,200,192.22,0,0.00,8,0,0,192
256,200.00,186.10,200,196.10,0,0.00,4,0,0,196
257,200.00,193.05,200,198.05,0,0.00,2,0,0,198
258,200.00,200.00,200,200.00,0,0.00,0,0,0,200
259,200.00,193.05,200,198.05,0,0.00,2,0,0,198
260,200.00,186.10,200,196.10,0,0.00,4,0,0,196
261,200.00,182.63,200,195.13,0,0.00,5,0,0,195
262,200.00,193.05,200,198.05,0,0.00,2,0,0,198
263,200.00,193.05,200,198.05,0,0.00,2,0,0,198
264,200.00,200.00,200,200.00,0,0.00,0,0,0,200
265,200.00,193.06,200,198.06,0,0.00,2,0,0,198
266,200.00,179.16,200,194.16,0,0.00,6,0,0,194
267,200.00,165.25,200,190.25,0,0.00,10,0,0,190
268,200.00,193.05,200,198.05,0,0.00,2,0,0,198
269,200.00,200.00,200,200.00,0,0.00,0,0,0,200
270,200.00,189.60,200,197.10,0,0.00,3,0,0,197
271,200.00,196.55,200,199.05,0,0.00,1,0,0,199
272,200.00,193.05,200,198.05,0,0.00,2,0,0,198
273,200.00,189.60,200,197.10,0,0.00,3,0,0,197
274,200.00,196.53,200,199.03,0,0.00,1,0,0,199
275,200.00,193.05,200,198.05,0,0.00,2,0,0,198
276,200.00,175.68,200,193.18,0,0.00,7,0,0,193
277,200.00,186.10,200,196.10,0,0.00,4,0,0,196
278,200.00,182.68,200,195.18,0,0.00,5,0,0,195
279,200.00,175.71,200,193.21,0,0.00,7,0,0,193
280,200.00,182.65,200,195.15,0,0.00,5,0,0,195
281,200.00,186.12,200,196.12,0,0.00,4,0,0,196
282,200.00,186.12,200,196.12,0,0.00,4,0,0,196
283,200.00,179.15,200,194.15,0,0.00,6,0,0,194
284,200.00,179.20,200,194.20,0,0.00,6,0,0,194
285,200.00,168.72,200,191.22,0,0.00,9,0,0,191
286,200.00,165.32,200,190.32,0,0.00,10,0,0,190
287,200.00,168.75,200,191.25,0,0.00,9,0,0,191
288,200.00,172.21,200,192.21,0,0.00,8,0,0,192
289,200.00,161.88,200,189.38,0,0.00,11,0,0,189
290,200.00,175.70,200,193.20,0,0.00,7,0,0,193
291,200.00,165.28,200,190.28,0,0.00,10,0,0,190
292,200.00,179.16,200,194.16,0,0.00,6,0,0,194
293,200.00,179.19,200,194.19,0,0.00,6,0,0,194
294,200.00,168.77,200,191.27,0,0.00,9,0,0,191
295,200.00,193.07,200,198.07,0,0.00,2,0,0,198
296,200.00,182.65,200,195.15,0,0.00,5,0,0,195
297,200.00,186.15,200,196.15,0,0.00,4,0,0,196
298,200.00,172.21,200,192.21,0,0.00,8,0,0,192
299,200.00,182.62,200,195.12,0,0.00,5,0,0,195
300,200.00,175.68,200,193.18,0,0.00,7,0,0,193
301,200.00,186.10,200,196.10,0,0.00,4,0,0,196
302,200.00,161.78,200,189.28,0,0.00,11,0,0,189
303,200.00,161.80,200,189.30,0,0.00,11,0,0,189
304,200.00,151.38,200,186.38,0,0.00,14,0,0,186
305,200.00,186.10,200,196.10,0,0.00,4,0,0,196
306,200.00,172.25,200,192.25,0,0.00,8,0,0,192
307,200.00,165.25,200,190.25,0,0.00,10,0,0,190
308,200.00,172.22,200,192.22,0,0.00,8,0,0,192
309,200.00,161.80,200,189.30,0,0.00,11,0,0,189
310,200.00,175.70,200,193.20,0,0.00,7,0,0,193
311,200.00,179.16,200,194.16,0,0.00,6,0,0,194
312,200.00,165.28,200,190.28,0,0.00,10,0,0,190
313,200.00,175.68,200,193.18,0,0.00,7,0,0,193
314,200.00,179.17,200,194.17,0,0.00,6,0,0,194
315,200.00,182.66,200,195.16,0,0.00,5,0,0,195
316,200.00,165.25,200,190.25,0,0.00,10,0,0,190
317,200.00,189.58,200,197.08,0,0.00,3,0,0,197
318,200.00,175.68,200,193.18,0,0.00,7,0,0,193
319,200.00,179.20,200,194.20,0,0.00,6,0,0,194
320,200.00,158.39,200,188.39,0,0.00,12,0,0,188
321,200.00,140.95,200,183.45,0,0.00,17,0,0,183
322,200.00,172.20,200,192.20,0,0.00,8,0,0,192
323,200.00,172.22,200,192.22,0,0.00,8,0,0,192
324,200.00,182.62,200,195.12,0,0.00,5,0,0,195
325,200.00,189.58,200,197.08,0,0.00,3,0,0,197
326,200.00,182.62,200,195.12,0,0.00,5,0,0,195
327,200.00,189.60,200,197.10,0,0.00,3,0,0,197
328,200.00,193.05,200,198.05,0,0.00,2,0,0,198
329,200.00,179.18,200,194.18,0,0.00,6,0,0,194
330,200.00,193.05,200,198.05,0,0.00,2,0,0,198
331,200.00,186.13,200,196.13,0,0.00,4,0,0,196
332,200.00,186.13,200,196.13,0,0.00,4,0,0,196
333,200.00,196.53,200,199.03,0,0.00,1,0,0,199
334,200.00,186.10,200,196.10,0,0.00,4,0,0,196
335,200.00,182.63,200,195.13,0,0.00,5,0,0,195
336,200.00,165.28,200,190.28,0,0.00,10,0,0,190
337,200.00,182.62,200,195.12,0,0.00,5,0,0,195
338,200.00,179.15,200,194.15,0,0.00,6,0,0,194
339,200.00,168.72,200,191.22,0,0.00,9,0,0,191
340,200.00,168.72,200,191.22,0,0.00,9,0,0,191
341,200.00,193.05,200,198.05,0,0.00,2,0,0,198
342,200.00,172.22,200,192.22,0,0.00,8,0,0,192
343,200.00,179.17,200,194.17,0,0.00,6,0,0,194
344,200.00,186.12,200,196.12,0,0.00,4,0,0,196
345,200.00,175.68,200,193.18,0,0.00,7,0,0,193
346,200.00,182.63,200,195.13,0,0.00,5,0,0,195
347,200.00,189.57,200,197.07,0,0.00,3,0,0,197
348,200.00,175.71,200,193.21,0,0.00,7,0,0,193
349,200.00,179.16,200,194.16,0,0.00,6,0,0,194
350,200.00,186.10,200,196.10,0,0.00,4,0,0,196
351,200.00,179.16,200,194.16,0,0.00,6,0,0,194
352,200.00,179.18,200,194.18,0,0.00,6,0,0,194
353,200.00,186.10,200,196.10,0,0.00,4,0,0,196
354,200.00,175.69,200,193.19,0,0.00,7,0,0,193
355,200.00,189.57,200,197.07,0,0.00,3,0,0,197
356,200.00,189.60,200,197.10,0,0.00,3,0,0,197
357,200.00,175.71,200,193.21,0,0.00,7,0,0,193
358,200.00,186.10,200,196.10,0,0.00,4,0,0,196
359,200.00,179.18,200,194.18,0,0.00,6,0,0,194
360,200.00,189.62,200,197.12,0,0.00,3,0,0,197
361,200.00,161.78,200,189.28,0,0.00,11,0,0,189
362,200.00,193.05,200,198.05,0,0.00,2,0,0,198
363,200.00,193.05,200,198.05,0,0.00,2,0,0,198
364,200.00,168.82,200,191.32,0,0.00,9,0,0,191
365,200.00,179.15,200,194.15,0,0.00,6,0,0,194
366,200.00,175.70,200,193.20,0,0.00,7,0,0,193
367,200.00,196.53,200,199.03,0,0.00,1,0,0,199
368,200.00,186.10,200,196.10,0,0.00,4,0,0,196
369,200.00,189.57,200,197.07,0,0.00,3,0,0,197
370,200.00,175.68,200,193.18,0,0.00,7,0,0,193
371,200.00,182.68,200,195.18,0,0.00,5,0,0,195
372,200.00,193.05,200,198.05,0,0.00,2,0,0,198
373,200.00,175.70,200,193.20,0,0.00,7,0,0,193
374,200.00,179.20,200,194.20,0,0.00,6,0,0,194
375,200.00,158.32,200,188.32,0,0.00,12,0,0,188
376,200.00,182.63,200,195.13,0,0.00,5,0,0,195
377,200.00,172.20,200,192.20,0,0.00,8,0,0,192
378,200.00,186.10,200,196.10,0,0.00,4,0,0,196
379,200.00,165.25,200,190.25,0,0.00,10,0,0,190
380,200.00,172.22,200,192.22,0,0.00,8,0,0,192
381,200.00,182.65,200,195.15,0,0.00,5,0,0,195
382,200.00,172.27,200,192.27,0,0.00,8,0,0,192
383,200.00,182.65,200,195.15,0,0.00,5,0,0,195
384,200.00,168.74,200,191.24,0,0.00,9,0,0,191
385,200.00,154.85,200,187.35,0,0.00,13,0,0,187
386,200.00,172.20,200,192.20,0,0.00,8,0,0,192
387,200.00,168.80,200,191.30,0,0.00,9,0,0,191
388,200.00,175.72,200,193.22,0,0.00,7,0,0,193
389,200.00,154.85,200,187.35,0,0.00,13,0,0,187
390,200.00,134.03,200,181.53,0,0.00,19,0,0,181
391,200.00,151.36,200,186.36,0,0.00,14,0,0,186
392,200.00,158.32,200,188.32,0,0.00,12,0,0,188
393,200.00,158.37,200,188.37,0,0.00,12,0,0,188
394,200.00,172.20,200,192.20,0,0.00,8,0,0,192
395,200.00,179.16,200,194.16,0,0.00,6,0,0,194
396,200.00,189.60,200,197.10,0,0.00,3,0,0,197
397,200.00,172.21,200,192.21,0,0.00,8,0,0,192
398,200.00,172.21,200,192.21,0,0.00,8,0,0,192
399,200.00,154.88,200,187.38,0,0.00,13,0,0,187
400,200.00,179.15,200,194.15,0,0.00,6,0,0,194
401,200.00,189.59,200,197.09,0,0.00,3,0,0,197
402,200.00,193.05,200,198.05,0,0.00,2,0,0,198
403,200.00,193.05,200,198.05,0,0.00,2,0,0,198
404,200.00,193.05,200,198.05,0,0.00,2,0,0,198
405,200.00,193.06,200,198.06,0,0.00,2,0,0,198
406,200.00,196.53,200,199.03,0,0.00,1,0,0,199
407,200.00,189.58,200,197.08,0,0.00,3,0,0,197
408,200.00,196.53,200,199.03,0,0.00,1,0,0,199
409,200.00,189.57,200,197.07,0,0.00,3,0,0,197
410,200.00,179.17,200,194.17,0,0.00,6,0,0,194
411,200.00,189.57,200,197.07,0,0.00,3,0,0,197
412,200.00,193.05,200,198.05,0,0.00,2,0,0,198
413,200.00,189.57,200,197.07,0,0.00,3,0,0,197
414,200.00,179.16,200,194.16,0,0.00,6,0,0,194
415,200.00,196.54,200,199.04,0,0.00,1,0,0,199
416,200.00,200.00,200,200.00,0,0.00,0,0,0,200
417,200.00,193.05,200,198.05,0,0.00,2,0,0,198
418,200.00,189.57,200,197.07,0,0.00,3,0,0,197
419,200.00,193.07,200,198.07,0,0.00,2,0,0,198
420,200.00,193.05,200,198.05,0,0.00,2,0,0,198
421,200.00,179.15,200,194.15,0,0.00,6,0,0,194
422,200.00,172.21,200,192.21,0,0.00,8,0,0,192
423,200.00,189.57,200,197.07,0,0.00,3,0,0,197
424,200.00,186.10,200,196.10,0,0.00,4,0,0,196
425,200.00,172.22,200,192.22,0,0.00,8,0,0,192
426,200.00,193.05,200,198.05,0,0.00,2,0,0,198
427,200.00,186.12,200,196.12,0,0.00,4,0,0,196
428,200.00,196.53,200,199.03,0,0.00,1,0,0,199
429,200.00,175.68,200,193.18,0,0.00,7,0,0,193
430,200.00,179.15,200,194.15,0,0.00,6,0,0,194
431,200.00,175.70,200,193.20,0,0.00,7,0,0,193
432,200.00,193.05,200,198.05,0,0.00,2,0,0,198
433,200.00,165.25,200,190.25,0,0.00,10,0,0,190
434,200.00,172.22,200,192.22,0,0.00,8,0,0,192
435,200.00,179.19,200,194.19,0,0.00,6,0,0,194
436,200.00,168.75,200,191.25,0,0.00,9,0,0,191
437,200.00,175.68,200,193.18,0,0.00,7,0,0,193
438,200.00,179.15,200,194.15,0,0.00,6,0,0,194
439,200.00,165.29,200,190.29,0,0.00,10,0,0,190
440,200.00,175.71,200,193.21,0,0.00,7,0,0,193
441,200.00,172.21,200,192.21,0,0.00,8,0,0,192
442,200.00,168.75,200,191.25,0,0.00,9,0,0,191
443,200.00,168.75,200,191.25,0,0.00,9,0,0,191
444,200.00,165.27,200,190.27,0,0.00,10,0,0,190
445,200.00,172.20,200,192.20,0,0.00,8,0,0,192
446,200.00,165.34,200,190.34,0,0.00,10,0,0,190
447,200.00,179.20,200,194.20,0,0.00,6,0,0,194
448,200.00,186.10,200,196.10,0,0.00,4,0,0,196
449,200.00,182.65,200,195.15,0,0.00,5,0,0,195
450,200.00,193.05,200,198.05,0,0.00,2,0,0,198
451,200.00,168.75,200,191.25,0,0.00,9,0,0,191
452,200.00,196.53,200,199.03,0,0.00,1,0,0,199
453,200.00,186.10,200,196.10,0,0.00,4,0,0,196
454,200.00,175.70,200,193.20,0,0.00,7,0,0,193
455,200.00,161.81,200,189.31,0,0.00,11,0,0,189
456,200.00,179.18,200,194.18,0,0.00,6,0,0,194
457,200.00,140.94,200,183.44,0,0.00,17,0,0,183
458,200.00,172.22,200,192.22,0,0.00,8,0,0,192
459,200.00,182.63,200,195.13,0,0.00,5,0,0,195
460,200.00,158.31,200,188.31,0,0.00,12,0,0,188
461,200.00,154.91,200,187.41,0,0.00,13,0,0,187
462,200.00,179.18,200,194.18,0,0.00,6,0,0,194
463,200.00,161.79,200,189.29,0,0.00,11,0,0,189
464,200.00,186.12,200,196.12,0,0.00,4,0,0,196
465,200.00,182.65,200,195.15,0,0.00,5,0,0,195
466,200.00,182.62,200,195.12,0,0.00,5,0,0,195
467,200.00,189.57,200,197.07,0,0.00,3,0,0,197
468,200.00,193.07,200,198.07,0,0.00,2,0,0,198
469,200.00,196.53,200,199.03,0,0.00,1,0,0,199
470,200.00,175.68,200,193.18,0,0.00,7,0,0,193
471,200.00,193.10,200,198.10,0,0.00,2,0,0,198
472,200.00,189.63,200,197.13,0,0.00,3,0,0,197
473,200.00,154.83,200,187.33,0,0.00,13,0,0,187
474,200.00,193.05,200,198.05,0,0.00,2,0,0,198
475,200.00,193.06,200,198.06,0,0.00,2,0,0,198
476,200.00,193.05,200,198.05,0,0.00,2,0,0,198
477,200.00,179.15,200,194.15,0,0.00,6,0,0,194
478,200.00,179.17,200,194.17,0,0.00,6,0,0,194
479,200.00,179.15,200,194.15,0,0.00,6,0,0,194
480,200.00,158.30,200,188.30,0,0.00,12,0,0,188
481,200.00,189.57,200,197.07,0,0.00,3,0,0,197
482,200.00,182.66,200,195.16,0,0.00,5,0,0,195
483,200.00,186.12,200,196.12,0,0.00,4,0,0,196
484,200.00,196.53,200,199.03,0,0.00,1,0,0,199
485,200.00,182.65,200,195.15,0,0.00,5,0,0,195
486,200.00,168.72,200,191.22,0,0.00,9,0,0,191
487,200.00,189.58,200,197.08,0,0.00,3,0,0,197
488,200.00,175.71,200,193.21,0,0.00,7,0,0,193
489,200.00,193.07,200,198.07,0,0.00,2,0,0,198
490,200.00,175.68,200,193.18,0,0.00,7,0,0,193
491,200.00,182.62,200,195.12,0,0.00,5,0,0,195
492,200.00,179.18,200,194.18,0,0.00,6,0,0,194
493,200.00,186.10,200,196.10,0,0.00,4,0,0,196
494,200.00,182.63,200,195.13,0,0.00,5,0,0,195
495,200.00,200.00,200,200.00,0,0.00,0,0,0,200
496,200.00,172.25,200,192.25,0,0.00,8,0,0,192
497,200.00,182.66,200,195.16,0,0.00,5,0,0,195
498,200.00,182.65,200,195.15,0,0.00,5,0,0,195
499,200.00,168.73,200,191.23,0,0.00,9,0,0,191
500,200.00,172.22,200,192.22,0,0.00,8,0,0,192
501,200.00,193.05,200,198.05,0,0.00,2,0,0,198
502,200.00,186.10,200,196.10,0,0.00,4,0,0,196
503,200.00,186.10,200,196.10,0,0.00,4,0,0,196
504,200.00,193.05,200,198.05,0,0.00,2,0,0,198
505,200.00,179.15,200,194.15,0,0.00,6,0,0,194
506,200.00,182.62,200,195.12,0,0.00,5,0,0,195
507,200.00,179.16,200,194.16,0,0.00,6,0,0,194
508,200.00,189.59,200,197.09,0,0.00,3,0,0,197
509,200.00,193.06,200,198.06,0,0.00,2,0,0,198
510,200.00,186.10,200,196.10,0,0.00,4,0,0,196
511,200.00,154.85,200,187.35,0,0.00,13,0,0,187
512,200.00,182.62,200,195.12,0,0.00,5,0,0,195
513,200.00,168.80,200,191.30,0,0.00,9,0,0,191
514,200.00,182.63,200,195.13,0,0.00,5,0,0,195
515,200.00,182.65,200,195.15,0,0.00,5,0,0,195
516,200.00,168.75,200,191.25,0,0.00,9,0,0,191
517,200.00,175.70,200,193.20,0,0.00,7,0,0,193
518,200.00,193.05,200,198.05,0,0.00,2,0,0,198
519,200.00,158.35,200,188.35,0,0.00,12,0,0,188
520,200.00,158.31,200,188.31,0,0.00,12,0,0,188
521,200.00,182.63,200,195.13,0,0.00,5,0,0,195
522,200.00,186.12,200,196.12,0,0.00,4,0,0,196
523,200.00,179.19,200,194.19,0,0.00,6,0,0,194
524,200.00,175.75,200,193.25,0,0.00,7,0,0,193
525,200.00,193.07,200,198.07,0,0.00,2,0,0,198
526,200.00,189.60,200,197.10,0,0.00,3,0,0,197
527,200.00,175.70,200,193.20,0,0.00,7,0,0,193
528,200.00,179.15,200,194.15,0,0.00,6,0,0,194
529,200.00,179.16,200,194.16,0,0.00,6,0,0,194
530,200.00,189.57,200,197.07,0,0.00,3,0,0,197
531,200.00,193.05,200,198.05,0,0.00,2,0,0,198
532,200.00,196.53,200,199.03,0,0.00,1,0,0,199
533,200.00,189.57,200,197.07,0,0.00,3,0,0,197
534,200.00,200.00,200,200.00,0,0.00,0,0,0,200
535,200.00,186.10,200,196.10,0,0.00,4,0,0,196
536,200.00,186.11,200,196.11,0,0.00,4,0,0,196
537,200.00,179.15,200,194.15,0,0.00,6,0,0,194
538,200.00,182.68,200,195.18,0,0.00,5,0,0,195
539,200.00,182.62,200,195.12,0,0.00,5,0,0,195
540,200.00,189.57,200,197.07,0,0.00,3,0,0,197
541,200.00,186.15,200,196.15,0,0.00,4,0,0,196
542,200.00,182.66,200,195.16,0,0.00,5,0,0,195
543,200.00,179.18,200,194.18,0,0.00,6,0,0,194
544,200.00,165.31,200,190.31,0,0.00,10,0,0,190
545,200.00,182.62,200,195.12,0,0.00,5,0,0,195
546,200.00,186.10,200,196.10,0,0.00,4,0,0,196
547,200.00,189.57,200,197.07,0,0.00,3,0,0,197
548,200.00,186.10,200,196.10,0,0.00,4,0,0,196
549,200.00,151.35,200,186.35,0,0.00,14,0,0,186
550,200.00,182.62,200,195.12,0,0.00,5,0,0,195
551,200.00,196.53,200,199.03,0,0.00,1,0,0,199
552,200.00,196.53,200,199.03,0,0.00,1,0,0,199
553,200.00,196.55,200,199.05,0,0.00,1,0,0,199
554,200.00,193.05,200,198.05,0,0.00,2,0,0,198
555,200.00,175.71,200,193.21,0,0.00,7,0,0,193
556,200.00,165.31,200,190.31,0,0.00,10,0,0,190
557,200.00,168.75,200,191.25,0,0.00,9,0,0,191
558,200.00,186.10,200,196.10,0,0.00,4,0,0,196
559,200.00,186.10,200,196.10,0,0.00,4,0,0,196
560,200.00,172.22,200,192.22,0,0.00,8,0,0,192
561,200.00,189.57,200,197.07,0,0.00,3,0,0,197
562,200.00,186.10,200,196.10,0,0.00,4,0,0,196
563,200.00,179.18,200,194.18,0,0.00,6,0,0,194
564,200.00,189.59,200,197.09,0,0.00,3,0,0,197
565,200.00,196.53,200,199.03,0,0.00,1,0,0,199
566,200.00,179.18,200,194.18,0,0.00,6,0,0,194
567,200.00,179.18,200,194.18,0,0.00,6,0,0,194
568,200.00,182.67,200,195.17,0,0.00,5,0,0,195
569,200.00,179.16,200,194.16,0,0.00,6,0,0,194
570,200.00,189.57,200,197.07,0,0.00,3,0,0,197
571,200.00,175.68,200,193.18,0,0.00,7,0,0,193
572,200.00,168.72,200,191.22,0,0.00,9,0,0,191
573,200.00,161.78,200,189.28,0,0.00,11,0,0,189
574,200.00,172.22,200,192.22,0,0.00,8,0,0,192
575,200.00,182.62,200,195.12,0,0.00,5,0,0,195
576,200.00,186.12,200,196.12,0,0.00,4,0,0,196
577,200.00,175.68,200,193.18,0,0.00,7,0,0,193
578,200.00,186.12,200,196.12,0,0.00,4,0,0,196
579,200.00,189.57,200,197.07,0,0.00,3,0,0,197
580,200.00,189.57,200,197.07,0,0.00,3,0,0,197
581,200.00,182.62,200,195.12,0,0.00,5,0,0,195
582,200.00,175.71,200,193.21,0,0.00,7,0,0,193
583,200.00,175.68,200,193.18,0,0.00,7,0,0,193
584,200.00,186.13,200,196.13,0,0.00,4,0,0,196
585,200.00,186.12,200,196.12,0,0.00,4,0,0,196
586,200.00,186.12,200,196.12,0,0.00,4,0,0,196
587,200.00,147.99,200,185.49,0,0.00,15,0,0,185
588,200.00,196.54,200,199.04,0,0.00,1,0,0,199
589,200.00,193.07,200,198.07,0,0.00,2,0,0,198
590,200.00,186.13,200,196.13,0,0.00,4,0,0,196
591,200.00,179.15,200,194.15,0,0.00,6,0,0,194
592,200.00,186.12,200,196.12,0,0.00,4,0,0,196
593,200.00,172.26,200,192.26,0,0.00,8,0,0,192
594,200.00,189.58,200,197.08,0,0.00,3,0,0,197
595,200.00,165.28,200,190.28,0,0.00,10,0,0,190
596,200.00,182.68,200,195.18,0,0.00,5,0,0,195
597,200.00,186.13,200,196.13,0,0.00,4,0,0,196
598,200.00,172.22,200,192.22,0,0.00,8,0,0,192
599,200.00,151.41,200,186.41,0,0.00,14,0,0,186
600,200.00,175.68,200,193.18,0,0.00,7,0,0,193
601,200.00,182.62,200,195.12,0,0.00,5,0,0,195
602,200.00,182.62,200,195.12,0,0.00,5,0,0,195
603,200.00,193.05,200,198.05,0,0.00,2,0,0,198
604,200.00,182.62,200,195.12,0,0.00,5,0,0,195
605,200.00,189.57,200,197.07,0,0.00,3,0,0,197
606,200.00,179.15,200,194.15,0,0.00,6,0,0,194
607,200.00,165.28,200,190.28,0,0.00,10,0,0,190
608,200.00,179.16,200,194.16,0,0.00,6,0,0,194
609,200.00,175.75,200,193.25,0,0.00,7,0,0,193
610,200.00,182.65,200,195.15,0,0.00,5,0,0,195
611,200.00,186.10,200,196.10,0,0.00,4,0,0,196
612,200.00,182.66,200,195.16,0,0.00,5,0,0,195
613,200.00,186.12,200,196.12,0,0.00,4,0,0,196
614,200.00,182.62,200,195.12,0,0.00,5,0,0,195
615,200.00,179.18,200,194.18,0,0.00,6,0,0,194
616,200.00,193.07,200,198.07,0,0.00,2,0,0,198
617,200.00,196.55,200,199.05,0,0.00,1,0,0,199
618,200.00,154.85,200,187.35,0,0.00,13,0,0,187
619,200.00,189.60,200,197.10,0,0.00,3,0,0,197
620,200.00,186.13,200,196.13,0,0.00,4,0,0,196
621,200.00,193.05,200,198.05,0,0.00,2,0,0,198
622,200.00,175.72,200,193.22,0,0.00,7,0,0,193
623,200.00,179.21,200,194.21,0,0.00,6,0,0,194
624,200.00,172.22,200,192.22,0,0.00,8,0,0,192
625,200.00,158.32,200,188.32,0,0.00,12,0,0,188
626,200.00,196.53,200,199.03,0,0.00,1,0,0,199
627,200.00,182.63,200,195.13,0,0.00,5,0,0,195
628,200.00,189.60,200,197.10,0,0.00,3,0,0,197
629,200.00,175.71,200,193.21,0,0.00,7,0,0,193
630,200.00,175.71,200,193.21,0,0.00,7,0,0,193
631,200.00,189.57,200,197.07,0,0.00,3,0,0,197
632,200.00,182.63,200,195.13,0,0.00,5,0,0,195
633,200.00,189.59,200,197.09,0,0.00,3,0,0,197
634,200.00,175.69,200,193.19,0,0.00,7,0,0,193
635,200.00,186.15,200,196.15,0,0.00,4,0,0,196
636,200.00,179.18,200,194.18,0,0.00,6,0,0,194
637,200.00,189.62,200,197.12,0,0.00,3,0,0,197
638,200.00,168.76,200,191.26,0,0.00,9,0,0,191
639,200.00,182.65,200,195.15,0,0.00,5,0,0,195
640,200.00,186.10,200,196.10,0,0.00,4,0,0,196
641,200.00,161.80,200,189.30,0,0.00,11,0,0,189
642,200.00,179.15,200,194.15,0,0.00,6,0,0,194
643,200.00,186.10,200,196.10,0,0.00,4,0,0,196
644,200.00,179.15,200,194.15,0,0.00,6,0,0,194
645,200.00,179.18,200,194.18,0,0.00,6,0,0,194
646,200.00,175.72,200,193.22,0,0.00,7,0,0,193
647,200.00,179.18,200,194.18,0,0.00,6,0,0,194
648,200.00,186.12,200,196.12,0,0.00,4,0,0,196
649,200.00,186.10,200,196.10,0,0.00,4,0,0,196
650,200.00,179.15,200,194.15,0,0.00,6,0,0,194
651,200.00,189.59,200,197.09,0,0.00,3,0,0,197
652,200.00,189.60,200,197.10,0,0.00,3,0,0,197
653,200.00,189.57,200,197.07,0,0.00,3,0,0,197
654,200.00,175.75,200,193.25,0,0.00,7,0,0,193
655,200.00,189.59,200,197.09,0,0.00,3,0,0,197
656,200.00,196.53,200,199.03,0,0.00,1,0,0,199
657,200.00,200.00,200,200.00,0,0.00,0,0,0,200
658,200.00,189.57,200,197.07,0,0.00,3,0,0,197
659,200.00,182.68,200,195.18,0,0.00,5,0,0,195
660,200.00,186.10,200,196.10,0,0.00,4,0,0,196
661,200.00,189.57,200,197.07,0,0.00,3,0,0,197
662,200.00,196.55,200,199.05,0,0.00,1,0,0,199
663,200.00,193.05,200,198.05,0,0.00,2,0,0,198
664,200.00,189.57,200,197.07,0,0.00,3,0,0,197
665,200.00,168.73,200,191.23,0,0.00,9,0,0,191
666,200.00,175.70,200,193.20,0,0.00,7,0,0,193
667,200.00,168.75,200,191.25,0,0.00,9,0,0,191
668,200.00,182.65,200,195.15,0,0.00,5,0,0,195
669,200.00,165.28,200,190.28,0,0.00,10,0,0,190
670,200.00,186.10,200,196.10,0,0.00,4,0,0,196
671,200.00,196.53,200,199.03,0,0.00,1,0,0,199
672,200.00,179.20,200,194.20,0,0.00,6,0,0,194
673,200.00,168.75,200,191.25,0,0.00,9,0,0,191
674,200.00,186.12,200,196.12,0,0.00,4,0,0,196
675,200.00,196.53,200,199.03,0,0.00,1,0,0,199
676,200.00,193.07,200,198.07,0,0.00,2,0,0,198
677,200.00,179.15,200,194.15,0,0.00,6,0,0,194
678,200.00,193.05,200,198.05,0,0.00,2,0,0,198
679,200.00,200.00,200,200.00,0,0.00,0,0,0,200
680,200.00,182.65,200,195.15,0,0.00,5,0,0,195
681,200.00,189.57,200,197.07,0,0.00,3,0,0,197
682,200.00,175.68,200,193.18,0,0.00,7,0,0,193
683,200.00,165.27,200,190.27,0,0.00,10,0,0,190
684,200.00,175.71,200,193.21,0,0.00,7,0,0,193
685,200.00,179.16,200,194.16,0,0.00,6,0,0,194
686,200.00,179.15,200,194.15,0,0.00,6,0,0,194
687,200.00,175.72,200,193.22,0,0.00,7,0,0,193
688,200.00,140.93,200,183.43,0,0.00,17,0,0,183
689,200.00,168.74,200,191.24,0,0.00,9,0,0,191
690,200.00,172.23,200,192.23,0,0.00,8,0,0,192
691,200.00,193.05,200,198.05,0,0.00,2,0,0,198
692,200.00,189.59,200,197.09,0,0.00,3,0,0,197
693,200.00,200.00,200,200.00,0,0.00,0,0,0,200
694,200.00,193.05,200,198.05,0,0.00,2,0,0,198
695,200.00,189.57,200,197.07,0,0.00,3,0,0,197
696,200.00,196.53,200,199.03,0,0.00,1,0,0,199
697,200.00,196.53,200,199.03,0,0.00,1,0,0,199
698,200.00,179.20,200,194.20,0,0.00,6,0,0,194
699,200.00,189.60,200,197.10,0,0.00,3,0,0,197
700,200.00,182.70,200,195.20,0,0.00,5,0,0,195
701,200.00,189.60,200,197.10,0,0.00,3,0,0,197
702,200.00,186.12,200,196.12,0,0.00,4,0,0,196
703,200.00,175.69,200,193.19,0,0.00,7,0,0,193
704,200.00,189.57,200,197.07,0,0.00,3,0,0,197
705,200.00,175.69,200,193.19,0,0.00,7,0,0,193
706,200.00,182.65,200,195.15,0,0.00,5,0,0,195
707,200.00,175.70,200,193.20,0,0.00,7,0,0,193
708,200.00,182.62,200,195.12,0,0.00,5,0,0,195
709,200.00,161.78,200,189.28,0,0.00,11,0,0,189
710,200.00,186.10,200,196.10,0,0.00,4,0,0,196
711,200.00,193.05,200,198.05,0,0.00,2,0,0,198
712,200.00,179.15,200,194.15,0,0.00,6,0,0,194
713,200.00,158.30,200,188.30,0,0.00,12,0,0,188
714,200.00,158.31,200,188.31,0,0.00,12,0,0,188
715,200.00,175.68,200,193.18,0,0.00,7,0,0,193
716,200.00,189.58,200,197.08,0,0.00,3,0,0,197
717,200.00,186.10,200,196.10,0,0.00,4,0,0,196
718,200.00,172.22,200,192.22,0,0.00,8,0,0,192
719,200.00,186.10,200,196.10,0,0.00,4,0,0,196
720,200.00,193.07,200,198.07,0,0.00,2,0,0,198
721,200.00,186.12,200,196.12,0,0.00,4,0,0,196
722,200.00,193.05,200,198.05,0,0.00,2,0,0,198
723,200.00,193.05,200,198.05,0,0.00,2,0,0,198
724,200.00,186.12,200,196.12,0,0.00,4,0,0,196
725,200.00,168.76,200,191.26,0,0.00,9,0,0,191
726,200.00,196.53,200,199.03,0,0.00,1,0,0,199
727,200.00,186.13,200,196.13,0,0.00,4,0,0,196
728,200.00,196.53,200,199.03,0,0.00,1,0,0,199
729,200.00,189.57,200,197.07,0,0.00,3,0,0,197
730,200.00,186.10,200,196.10,0,0.00,4,0,0,196
731,200.00,193.05,200,198.05,0,0.00,2,0,0,198
732,200.00,196.53,200,199.03,0,0.00,1,0,0,199
733,200.00,182.67,200,195.17,0,0.00,5,0,0,195
734,200.00,182.66,200,195.16,0,0.00,5,0,0,195
735,200.00,193.05,200,198.05,0,0.00,2,0,0,198
736,200.00,189.57,200,197.07,0,0.00,3,0,0,197
737,200.00,186.10,200,196.10,0,0.00,4,0,0,196
738,200.00,182.62,200,195.12,0,0.00,5,0,0,195
739,200.00,182.62,200,195.12,0,0.00,5,0,0,195
740,200.00,175.68,200,193.18,0,0.00,7,0,0,193
741,200.00,189.57,200,197.07,0,0.00,3,0,0,197
742,200.00,186.10,200,196.10,0,0.00,4,0,0,196
743,200.00,168.79,200,191.29,0,0.00,9,0,0,191
744,200.00,182.62,200,195.12,0,0.00,5,0,0,195
745,200.00,168.76,200,191.26,0,0.00,9,0,0,191
746,200.00,168.73,200,191.23,0,0.00,9,0,0,191
747,200.00,179.15,200,194.15,0,0.00,6,0,0,194
748,200.00,154.85,200,187.35,0,0.00,13,0,0,187
749,200.00,172.20,200,192.20,0,0.00,8,0,0,192
750,200.00,182.65,200,195.15,0,0.00,5,0,0,195
751,200.00,172.20,200,192.20,0,0.00,8,0,0,192
752,200.00,161.82,200,189.32,0,0.00,11,0,0,189
753,200.00,151.38,200,186.38,0,0.00,14,0,0,186
754,200.00,154.86,200,187.36,0,0.00,13,0,0,187
755,200.00,168.75,200,191.25,0,0.00,9,0,0,191
756,200.00,165.28,200,190.28,0,0.00,10,0,0,190
757,200.00,189.57,200,197.07,0,0.00,3,0,0,197
758,200.00,189.60,200,197.10,0,0.00,3,0,0,197
759,200.00,172.20,200,192.20,0,0.00,8,0,0,192
760,200.00,182.62,200,195.12,0,0.00,5,0,0,195
761,200.00,182.63,200,195.13,0,0.00,5,0,0,195
762,200.00,175.71,200,193.21,0,0.00,7,0,0,193
763,200.00,175.68,200,193.18,0,0.00,7,0,0,193
764,200.00,189.57,200,197.07,0,0.00,3,0,0,197
765,200.00,193.05,200,198.05,0,0.00,2,0,0,198
766,200.00,193.05,200,198.05,0,0.00,2,0,0,198
767,200.00,189.57,200,197.07,0,0.00,3,0,0,197
768,200.00,186.10,200,196.10,0,0.00,4,0,0,196
769,200.00,182.62,200,195.12,0,0.00,5,0,0,195
770,200.00,168.72,200,191.22,0,0.00,9,0,0,191
771,200.00,186.15,200,196.15,0,0.00,4,0,0,196
772,200.00,200.00,200,200.00,0,0.00,0,0,0,200
773,200.00,193.05,200,198.05,0,0.00,2,0,0,198
774,200.00,196.55,200,199.05,0,0.00,1,0,0,199
775,200.00,193.05,200,198.05,0,0.00,2,0,0,198
776,200.00,179.15,200,194.15,0,0.00,6,0,0,194
777,200.00,189.57,200,197.07,0,0.00,3,0,0,197
778,200.00,179.16,200,194.16,0,0.00,6,0,0,194
779,200.00,179.18,200,194.18,0,0.00,6,0,0,194
780,200.00,179.18,200,194.18,0,0.00,6,0,0,194
781,200.00,193.05,200,198.05,0,0.00,2,0,0,198
782,200.00,151.42,200,186.42,0,0.00,14,0,0,186
783,200.00,168.76,200,191.26,0,0.00,9,0,0,191
784,200.00,154.82,200,187.32,0,0.00,13,0,0,187
785,200.00,189.57,200,197.07,0,0.00,3,0,0,197
786,200.00,172.20,200,192.20,0,0.00,8,0,0,192
787,200.00,186.10,200,196.10,0,0.00,4,0,0,196
788,200.00,161.79,200,189.29,0,0.00,11,0,0,189
789,200.00,182.65,200,195.15,0,0.00,5,0,0,195
790,200.00,175.70,200,193.20,0,0.00,7,0,0,193
791,200.00,168.72,200,191.22,0,0.00,9,0,0,191
792,200.00,168.75,200,191.25,0,0.00,9,0,0,191
793,200.00,151.43,200,186.43,0,0.00,14,0,0,186
794,200.00,172.20,200,192.20,0,0.00,8,0,0,192
795,200.00,189.57,200,197.07,0,0.00,3,0,0,197
796,200.00,175.71,200,193.21,0,0.00,7,0,0,193
797,200.00,179.17,200,194.17,0,0.00,6,0,0,194
798,200.00,193.05,200,198.05,0,0.00,2,0,0,198
799,200.00,179.17,200,194.17,0,0.00,6,0,0,194
800,200.00,186.10,200,196.10,0,0.00,4,0,0,196
801,200.00,165.25,200,190.25,0,0.00,10,0,0,190
802,200.00,147.90,200,185.40,0,0.00,15,0,0,185
803,200.00,182.65,200,195.15,0,0.00,5,0,0,195
804,200.00,182.62,200,195.12,0,0.00,5,0,0,195
805,200.00,182.66,200,195.16,0,0.00,5,0,0,195
806,200.00,186.10,200,196.10,0,0.00,4,0,0,196
807,200.00,193.05,200,198.05,0,0.00,2,0,0,198
808,200.00,147.91,200,185.41,0,0.00,15,0,0,185
809,200.00,189.60,200,197.10,0,0.00,3,0,0,197
810,200.00,179.18,200,194.18,0,0.00,6,0,0,194
811,200.00,172.20,200,192.20,0,0.00,8,0,0,192
812,200.00,175.68,200,193.18,0,0.00,7,0,0,193
813,200.00,179.18,200,194.18,0,0.00,6,0,0,194
814,200.00,186.10,200,196.10,0,0.00,4,0,0,196
815,200.00,179.18,200,194.18,0,0.00,6,0,0,194
816,200.00,193.05,200,198.05,0,0.00,2,0,0,198
817,200.00,186.12,200,196.12,0,0.00,4,0,0,196
818,200.00,189.57,200,197.07,0,0.00,3,0,0,197
819,200.00,193.05,200,198.05,0,0.00,2,0,0,198
820,200.00,186.12,200,196.12,0,0.00,4,0,0,196
821,200.00,179.18,200,194.18,0,0.00,6,0,0,194
822,200.00,189.62,200,197.12,0,0.00,3,0,0,197
823,200.00,182.67,200,195.17,0,0.00,5,0,0,195
824,200.00,186.12,200,196.12,0,0.00,4,0,0,196
825,200.00,168.82,200,191.32,0,0.00,9,0,0,191
826,200.00,175.72,200,193.22,0,0.00,7,0,0,193
827,200.00,172.28,200,192.28,0,0.00,8,0,0,192
828,200.00,189.57,200,197.07,0,0.00,3,0,0,197
829,200.00,179.18,200,194.18,0,0.00,6,0,0,194
830,200.00,196.53,200,199.03,0,0.00,1,0,0,199
831,200.00,189.57,200,197.07,0,0.00,3,0,0,197
832,200.00,175.68,200,193.18,0,0.00,7,0,0,193
833,200.00,193.05,200,198.05,0,0.00,2,0,0,198
834,200.00,189.57,200,197.07,0,0.00,3,0,0,197
835,200.00,193.07,200,198.07,0,0.00,2,0,0,198
836,200.00,179.18,200,194.18,0,0.00,6,0,0,194
837,200.00,175.71,200,193.21,0,0.00,7,0,0,193
838,200.00,182.62,200,195.12,0,0.00,5,0,0,195
839,200.00,182.65,200,195.15,0,0.00,5,0,0,195
840,200.00,186.15,200,196.15,0,0.00,4,0,0,196
841,200.00,168.72,200,191.22,0,0.00,9,0,0,191
842,200.00,175.72,200,193.22,0,0.00,7,0,0,193
843,200.00,175.68,200,193.18,0,0.00,7,0,0,193
844,200.00,175.70,200,193.20,0,0.00,7,0,0,193
845,200.00,168.72,200,191.22,0,0.00,9,0,0,191
846,200.00,172.20,200,192.20,0,0.00,8,0,0,192
847,200.00,165.30,200,190.30,0,0.00,10,0,0,190
848,200.00,137.50,200,182.50,0,0.00,18,0,0,182
849,200.00,154.85,200,187.35,0,0.00,13,0,0,187
850,200.00,189.57,200,197.07,0,0.00,3,0,0,197
851,200.00,165.28,200,190.28,0,0.00,10,0,0,190
852,200.00,182.62,200,195.12,0,0.00,5,0,0,195
853,200.00,168.72,200,191.22,0,0.00,9,0,0,191
854,200.00,193.05,200,198.05,0,0.00,2,0,0,198
855,200.00,189.60,200,197.10,0,0.00,3,0,0,197
856,200.00,182.65,200,195.15,0,0.00,5,0,0,195
857,200.00,193.05,200,198.05,0,0.00,2,0,0,198
858,200.00,175.68,200,193.18,0,0.00,7,0,0,193
859,200.00,196.53,200,199.03,0,0.00,1,0,0,199
860,200.00,196.53,200,199.03,0,0.00,1,0,0,199
861,200.00,189.60,200,197.10,0,0.00,3,0,0,197
862,200.00,182.63,200,195.13,0,0.00,5,0,0,195
863,200.00,182.62,200,195.12,0,0.00,5,0,0,195
864,200.00,193.05,200,198.05,0,0.00,2,0,0,198
865,200.00,193.05,200,198.05,0,0.00,2,0,0,198
866,200.00,172.20,200,192.20,0,0.00,8,0,0,192
867,200.00,175.70,200,193.20,0,0.00,7,0,0,193
868,200.00,186.12,200,196.12,0,0.00,4,0,0,196
869,200.00,168.72,200,191.22,0,0.00,9,0,0,191
870,200.00,175.69,200,193.19,0,0.00,7,0,0,193
871,200.00,165.25,200,190.25,0,0.00,10,0,0,190
872,200.00,172.22,200,192.22,0,0.00,8,0,0,192
873,200.00,154.85,200,187.35,0,0.00,13,0,0,187
874,200.00,158.32,200,188.32,0,0.00,12,0,0,188
875,200.00,165.28,200,190.28,0,0.00,10,0,0,190
876,200.00,168.75,200,191.25,0,0.00,9,0,0,191
877,200.00,165.28,200,190.28,0,0.00,10,0,0,190
878,200.00,144.47,200,184.47,0,0.00,16,0,0,184
879,200.00,175.72,200,193.22,0,0.00,7,0,0,193
880,200.00,165.25,200,190.25,0,0.00,10,0,0,190
881,200.00,158.32,200,188.32,0,0.00,12,0,0,188
882,200.00,168.72,200,191.22,0,0.00,9,0,0,191
883,200.00,168.75,200,191.25,0,0.00,9,0,0,191
884,200.00,179.15,200,194.15,0,0.00,6,0,0,194
885,200.00,154.85,200,187.35,0,0.00,13,0,0,187
886,200.00,175.68,200,193.18,0,0.00,7,0,0,193
887,200.00,151.36,200,186.36,0,0.00,14,0,0,186
888,200.00,165.25,200,190.25,0,0.00,10,0,0,190
889,200.00,158.30,200,188.30,0,0.00,12,0,0,188
890,200.00,175.69,200,193.19,0,0.00,7,0,0,193
891,200.00,165.27,200,190.27,0,0.00,10,0,0,190
892,200.00,168.72,200,191.22,0,0.00,9,0,0,191
893,200.00,172.22,200,192.22,0,0.00,8,0,0,192
894,200.00,186.10,200,196.10,0,0.00,4,0,0,196
895,200.00,189.58,200,197.08,0,0.00,3,0,0,197
896,200.00,172.21,200,192.21,0,0.00,8,0,0,192
897,200.00,158.33,200,188.33,0,0.00,12,0,0,188
898,200.00,182.62,200,195.12,0,0.00,5,0,0,195
899,200.00,175.70,200,193.20,0,0.00,7,0,0,193
900,200.00,158.35,200,188.35,0,0.00,12,0,0,188
901,200.00,151.40,200,186.40,0,0.00,14,0,0,186
902,200.00,189.57,200,197.07,0,0.00,3,0,0,197
903,200.00,172.25,200,192.25,0,0.00,8,0,0,192
904,200.00,179.15,200,194.15,0,0.00,6,0,0,194
905,200.00,179.15,200,194.15,0,0.00,6,0,0,194
906,200.00,172.22,200,192.22,0,0.00,8,0,0,192
907,200.00,189.60,200,197.10,0,0.00,3,0,0,197
908,200.00,172.20,200,192.20,0,0.00,8,0,0,192
909,200.00,182.67,200,195.17,0,0.00,5,0,0,195
910,200.00,193.05,200,198.05,0,0.00,2,0,0,198
911,200.00,175.68,200,193.18,0,0.00,7,0,0,193
912,200.00,186.10,200,196.10,0,0.00,4,0,0,196
913,200.00,182.62,200,195.12,0,0.00,5,0,0,195
914,200.00,158.31,200,188.31,0,0.00,12,0,0,188
915,200.00,165.30,200,190.30,0,0.00,10,0,0,190
916,200.00,161.82,200,189.32,0,0.00,11,0,0,189
917,200.00,172.22,200,192.22,0,0.00,8,0,0,192
918,200.00,175.69,200,193.19,0,0.00,7,0,0,193
919,200.00,172.20,200,192.20,0,0.00,8,0,0,192
920,200.00,179.15,200,194.15,0,0.00,6,0,0,194
921,200.00,189.57,200,197.07,0,0.00,3,0,0,197
922,200.00,200.00,200,200.00,0,0.00,0,0,0,200
923,200.00,186.12,200,196.12,0,0.00,4,0,0,196
924,200.00,186.10,200,196.10,0,0.00,4,0,0,196
925,200.00,172.23,200,192.23,0,0.00,8,0,0,192
926,200.00,172.21,200,192.21,0,0.00,8,0,0,192
927,200.00,179.21,200,194.21,0,0.00,6,0,0,194
928,200.00,196.53,200,199.03,0,0.00,1,0,0,199
929,200.00,186.10,200,196.10,0,0.00,4,0,0,196
930,200.00,165.28,200,190.28,0,0.00,10,0,0,190
931,200.00,186.10,200,196.10,0,0.00,4,0,0,196
932,200.00,186.12,200,196.12,0,0.00,4,0,0,196
933,200.00,182.70,200,195.20,0,0.00,5,0,0,195
934,200.00,189.57,200,197.07,0,0.00,3,0,0,197
935,200.00,193.05,200,198.05,0,0.00,2,0,0,198
936,200.00,186.12,200,196.12,0,0.00,4,0,0,196
937,200.00,182.65,200,195.15,0,0.00,5,0,0,195
938,200.00,182.66,200,195.16,0,0.00,5,0,0,195
939,200.00,193.07,200,198.07,0,0.00,2,0,0,198
940,200.00,175.72,200,193.22,0,0.00,7,0,0,193
941,200.00,186.10,200,196.10,0,0.00,4,0,0,196
942,200.00,189.57,200,197.07,0,0.00,3,0,0,197
943,200.00,196.53,200,199.03,0,0.00,1,0,0,199
944,200.00,165.28,200,190.28,0,0.00,10,0,0,190
945,200.00,165.25,200,190.25,0,0.00,10,0,0,190
946,200.00,168.72,200,191.22,0,0.00,9,0,0,191
947,200.00,154.83,200,187.33,0,0.00,13,0,0,187
948,200.00,172.21,200,192.21,0,0.00,8,0,0,192
949,200.00,168.72,200,191.22,0,0.00,9,0,0,191
950,200.00,158.40,200,188.40,0,0.00,12,0,0,188
951,200.00,189.58,200,197.08,0,0.00,3,0,0,197
952,200.00,168.79,200,191.29,0,0.00,9,0,0,191
953,200.00,165.25,200,190.25,0,0.00,10,0,0,190
954,200.00,189.60,200,197.10,0,0.00,3,0,0,197
955,200.00,179.16,200,194.16,0,0.00,6,0,0,194
956,200.00,141.04,200,183.54,0,0.00,17,0,0,183
957,200.00,175.68,200,193.18,0,0.00,7,0,0,193
958,200.00,172.20,200,192.20,0,0.00,8,0,0,192
959,200.00,172.23,200,192.23,0,0.00,8,0,0,192
960,200.00,175.71,200,193.21,0,0.00,7,0,0,193
961,200.00,182.62,200,195.12,0,0.00,5,0,0,195
962,200.00,186.15,200,196.15,0,0.00,4,0,0,196
963,200.00,186.12,200,196.12,0,0.00,4,0,0,196
964,200.00,182.62,200,195.12,0,0.00,5,0,0,195
965,200.00,158.32,200,188.32,0,0.00,12,0,0,188
966,200.00,186.10,200,196.10,0,0.00,4,0,0,196
967,200.00,168.72,200,191.22,0,0.00,9,0,0,191
968,200.00,158.30,200,188.30,0,0.00,12,0,0,188
969,200.00,182.62,200,195.12,0,0.00,5,0,0,195
970,200.00,172.20,200,192.20,0,0.00,8,0,0,192
971,200.00,182.63,200,195.13,0,0.00,5,0,0,195
972,200.00,189.57,200,197.07,0,0.00,3,0,0,197
973,200.00,165.30,200,190.30,0,0.00,10,0,0,190
974,200.00,186.10,200,196.10,0,0.00,4,0,0,196
975,200.00,182.65,200,195.15,0,0.00,5,0,0,195
976,200.00,158.34,200,188.34,0,0.00,12,0,0,188
977,200.00,179.15,200,194.15,0,0.00,6,0,0,194
978,200.00,172.20,200,192.20,0,0.00,8,0,0,192
979,200.00,186.10,200,196.10,0,0.00,4,0,0,196
980,200.00,161.78,200,189.28,0,0.00,11,0,0,189
981,200.00,186.10,200,196.10,0,0.00,4,0,0,196
982,200.00,175.68,200,193.18,0,0.00,7,0,0,193
983,200.00,168.78,200,191.28,0,0.00,9,0,0,191
984,200.00,179.15,200,194.15,0,0.00,6,0,0,194
985,200.00,182.66,200,195.16,0,0.00,5,0,0,195
986,200.00,186.10,200,196.10,0,0.00,4,0,0,196
987,200.00,161.80,200,189.30,0,0.00,11,0,0,189
988,200.00,172.28,200,192.28,0,0.00,8,0,0,192
989,200.00,172.22,200,192.22,0,0.00,8,0,0,192
990,200.00,182.65,200,195.15,0,0.00,5,0,0,195
991,200.00,175.69,200,193.19,0,0.00,7,0,0,193
992,200.00,179.21,200,194.21,0,0.00,6,0,0,194
993,200.00,168.75,200,191.25,0,0.00,9,0,0,191
994,200.00,182.62,200,195.12,0,0.00,5,0,0,195
995,200.00,168.75,200,191.25,0,0.00,9,0,0,191
996,200.00,151.36,200,186.36,0,0.00,14,0,0,186
997,200.00,168.75,200,191.25,0,0.00,9,0,0,191
998,200.00,172.24,200,192.24,0,0.00,8,0,0,192
999,200.00,154.88,200,187.38,0,0.00,13,0,0,187
1000,200.00,144.47,200,184.47,0,0.00,16,0,0,184
